image_url,image_paths,name,category
https://images.unsplash.com/profile-1696257215312-b8d6a0911ab1image?fm=jpg&q=60&w=3000&ixlib=rb-4.0.3&crop=faces&fit=crop&h=32,,a sky filled with lots of bubbles next to a sunset,
https://images.unsplash.com/profile-1666027165666-57135f812f36?fm=jpg&q=60&w=3000&ixlib=rb-4.0.3&crop=faces&fit=crop&h=32,,a person holding a coffee cup over a fire pit,
https://images.unsplash.com/profile-1688318150244-d85f465638beimage?fm=jpg&q=60&w=3000&ixlib=rb-4.0.3&crop=faces&fit=crop&h=32,,a couple of people that are posing for a picture,
https://images.unsplash.com/profile-1696257215312-b8d6a0911ab1image?fm=jpg&q=60&w=3000&ixlib=rb-4.0.3&crop=faces&fit=crop&h=32,,a white hammock hanging from a wooden structure,
https://images.unsplash.com/profile-1696257215312-b8d6a0911ab1image?fm=jpg&q=60&w=3000&ixlib=rb-4.0.3&crop=faces&fit=crop&h=32,,a shadow of a person standing in front of a building,
https://images.unsplash.com/profile-1673011171297-4fd404de044fimage?fm=jpg&q=60&w=3000&ixlib=rb-4.0.3&crop=faces&fit=crop&h=32,,a bag of oranges hanging from a hook,
https://images.unsplash.com/profile-1696257215312-b8d6a0911ab1image?fm=jpg&q=60&w=3000&ixlib=rb-4.0.3&crop=faces&fit=crop&h=32,,a view of the clouds from an airplane window,
https://images.unsplash.com/profile-1694286061576-6006d133433aimage?fm=jpg&q=60&w=3000&ixlib=rb-4.0.3&crop=faces&fit=crop&h=32,,a shadow of a person holding a skateboard,
https://images.unsplash.com/profile-1696257215312-b8d6a0911ab1image?fm=jpg&q=60&w=3000&ixlib=rb-4.0.3&crop=faces&fit=crop&h=32,,a group of bubbles floating in the air,
https://images.unsplash.com/profile-1696257215312-b8d6a0911ab1image?fm=jpg&q=60&w=3000&ixlib=rb-4.0.3&crop=faces&fit=crop&h=32,,a person standing in a field of grass,
https://images.unsplash.com/profile-1696257215312-b8d6a0911ab1image?fm=jpg&q=60&w=3000&ixlib=rb-4.0.3&crop=faces&fit=crop&h=32,,a woman with her hair blowing in the wind,
https://images.unsplash.com/profile-1696257215312-b8d6a0911ab1image?fm=jpg&q=60&w=3000&ixlib=rb-4.0.3&crop=faces&fit=crop&h=32,,an unmade bed with white sheets and pillows,
https://images.unsplash.com/profile-1696257215312-b8d6a0911ab1image?fm=jpg&q=60&w=3000&ixlib=rb-4.0.3&crop=faces&fit=crop&h=32,,a person driving a car on a country road,
https://images.unsplash.com/profile-1696257215312-b8d6a0911ab1image?fm=jpg&q=60&w=3000&ixlib=rb-4.0.3&crop=faces&fit=crop&h=32,,a man is picking grapes from a bin,
https://media.istockphoto.com/id/2042539861/photo/joyful-friends-taking-a-selfie-on-vacation.webp?b=1&s=170667a&w=0&k=20&c=soAlyeRhxYjQixrNTu4nLatTkYfLgfsyNcNjlodqjT0=,,Adventure,
https://images.unsplash.com/profile-1696257215312-b8d6a0911ab1image?fm=jpg&q=60&w=3000&ixlib=rb-4.0.3&crop=faces&fit=crop&h=32,,a table topped with plates and glasses next to a lemon,
https://media.istockphoto.com/id/1745662730/photo/golden-hour-in-western-sahara-desert-morocco.webp?b=1&s=170667a&w=0&k=20&c=Ijqn6z11Wr-KTgZsmhKYTevT6iblEtlQhfSKhhKeOr4=,,Dune,
https://images.unsplash.com/profile-1602741027167-c4d707fcfc85image?fm=jpg&q=60&w=3000&ixlib=rb-4.0.3&crop=faces&fit=crop&h=32,,Gaming,
https://media.istockphoto.com/id/172146301/photo/khorasan-wheat.webp?b=1&s=170667a&w=0&k=20&c=NaGrA8vTO1Jmp1hXPpySKIOfTK4h46BWJ0WerDNQ2m4=,,Khorasan,
https://media.istockphoto.com/id/1214825212/photo/geologic-phenomenon.webp?b=1&s=170667a&w=0&k=20&c=JK4Rn2uLUMjwAg15UUWOPidctIwrG3-OB5-bJ6olh7Y=,,Iran nature,
https://media.istockphoto.com/id/1341288649/photo/75mpix-panorama-of-beautiful-mount-ama-dablam-in-himalayas-nepal.webp?b=1&s=170667a&w=0&k=20&c=4NKz9veFo5-po92H0ZQ1FGoxMec7DaBPsaj9dZvp9rE=,,Mountain range,
https://media.istockphoto.com/id/1446223587/photo/close-up-of-businessman-having-online-meeting-in-the-office.webp?b=1&s=170667a&w=0&k=20&c=EF4F7eTOFO0q6eSiH8oKvs6JuSDojwe4yg5yhd82Ujo=,,Remote,
https://media.istockphoto.com/id/1764541644/photo/empty-movie-theatre.webp?b=1&s=170667a&w=0&k=20&c=-C7bzauBHHQY9khjsInQI4aGkrW8pMjbhJWLSYe7S1k=,,Film,
https://media.istockphoto.com/id/1837990332/photo/dust-and-scratches-black-background-paper-texture-background.webp?b=1&s=170667a&w=0&k=20&c=cUYfwl17XVK7_D17jpYBjTI5RPCzh1PunHeh45xCbKg=,,Editing background,
https://media.istockphoto.com/id/1674113580/photo/blue-macro-dandelion-seed-background.webp?b=1&s=170667a&w=0&k=20&c=nv3j0RUtnFg72r1F75Yz6owFAOZZJvBN2BteXLttdEU=,,Screensaver,
https://images.unsplash.com/profile-1602741027167-c4d707fcfc85image?fm=jpg&q=60&w=3000&ixlib=rb-4.0.3&crop=faces&fit=crop&h=32,,Explore,
https://media.istockphoto.com/id/1836655491/photo/drone-shot-of-farmland-in-lycoming-county-pennsylvania-on-a-misty-fall-morning.webp?b=1&s=170667a&w=0&k=20&c=EiL0JDRR-4ZQ9lUY0AdgcWBfi60vy_BNSYvO4dP3NxQ=,,Usa,
https://media.istockphoto.com/id/1503315192/photo/construction-site-inside-of-a-building.webp?b=1&s=170667a&w=0&k=20&c=VItuIU3TVbzD0CmenNugxhV73gvRQJLMSRgKbLptXmU=,,No person,
https://media.istockphoto.com/id/1446223587/photo/close-up-of-businessman-having-online-meeting-in-the-office.webp?b=1&s=170667a&w=0&k=20&c=EF4F7eTOFO0q6eSiH8oKvs6JuSDojwe4yg5yhd82Ujo=,,Remote location,
https://media.istockphoto.com/id/1399751197/photo/close-up-of-woman-applying-moisturizer-on-sunburned-skin.webp?b=1&s=170667a&w=0&k=20&c=LPPyPsT3zfOAzPtEetXB7d0anTqMdzPLeDZD0-9NpvQ=,,Dry,
https://media.istockphoto.com/id/2092553850/photo/palm-leaf-tree-sunlight-clear-sky-grunge-abstract-background-orange-yellow-teal-green-blue.webp?b=1&s=170667a&w=0&k=20&c=36yI4T58uCaon1lqQ8WkbdBQ9o6NGM545QKF86X5PvA=,,Sand,
https://media.istockphoto.com/id/478261537/photo/arborist-tree-pruning-service-working-on-high-branches.webp?b=1&s=170667a&w=0&k=20&c=1SLGbh8EafRFl22zbzHcSYQDQ_KhXx3gvQlBCwAho5Q=,,Dead tree,
https://media.istockphoto.com/id/2082196734/photo/man-walking-in-abstract-maze.webp?b=1&s=170667a&w=0&k=20&c=UhwWe61AVfReVr-WAGyqkob4ms_qXCL213QaR-McQRs=,,Location,
https://media.istockphoto.com/id/1967543722/photo/the-city-of-london-skyline-at-night-united-kingdom.webp?b=1&s=170667a&w=0&k=20&c=-Rqz_572ORikGiDZLzhRBq2SY-VpEqcXXu0IY73GSCc=,,View,
https://images.unsplash.com/profile-1666027165666-57135f812f36?fm=jpg&q=60&w=3000&ixlib=rb-4.0.3&crop=faces&fit=crop&h=32,,a dirt path surrounded by trees covered in moss,
https://media.istockphoto.com/id/1821945838/photo/aerial-view-of-glacier-and-river-in-swiss-alps-in-autumn.webp?b=1&s=170667a&w=0&k=20&c=gAOu0peEFxYpa6mPCq35N2x-QkXjPZby-0tsZfuWlFA=,,Wilderness,
https://images.unsplash.com/profile-1636120734399-b8d2e59725ff?fm=jpg&q=60&w=3000&ixlib=rb-4.0.3&crop=faces&fit=crop&h=32,,a bench sitting on the shore of a lake,
https://images.unsplash.com/profile-1661537276190-b27bf63fd940image?fm=jpg&q=60&w=3000&ixlib=rb-4.0.3&crop=faces&fit=crop&h=32,,The four tourists with backpacks walking on the seascape background,
https://media.istockphoto.com/id/1413700004/photo/sunbeam-in-pyrenees-mountains.webp?b=1&s=170667a&w=0&k=20&c=El3xq-eJ2fvYYoskzavGWvRY0oM2aC7lyO5S1WPEF6E=,,Valley,
https://images.unsplash.com/profile-1680601144840-a9c60d647814image?fm=jpg&q=60&w=3000&ixlib=rb-4.0.3&crop=faces&fit=crop&h=32,,a man standing on a beach holding a surfboard,
https://images.unsplash.com/profile-1665026644009-c4369aba033dimage?fm=jpg&q=60&w=3000&ixlib=rb-4.0.3&crop=faces&fit=crop&h=32,,a person standing in a puddle of water,
https://images.unsplash.com/profile-1675655588018-362521ece58dimage?fm=jpg&q=60&w=3000&ixlib=rb-4.0.3&crop=faces&fit=crop&h=32,,a brick walkway with a brick wall,
https://images.unsplash.com/profile-1688318150244-d85f465638beimage?fm=jpg&q=60&w=3000&ixlib=rb-4.0.3&crop=faces&fit=crop&h=32,,a woman walking across a sandy beach next to tall grass,
https://images.unsplash.com/profile-1509140709644-5b9d6cd408f9?fm=jpg&q=60&w=3000&ixlib=rb-4.0.3&crop=faces&fit=crop&h=32,,a view of a valley through a cave,
https://images.unsplash.com/profile-1666831742971-625e8df9aad9image?fm=jpg&q=60&w=3000&ixlib=rb-4.0.3&crop=faces&fit=crop&h=32,,an aerial view of a dirt road in the desert,
https://images.unsplash.com/profile-1651744473342-49c27ff1f101image?fm=jpg&q=60&w=3000&ixlib=rb-4.0.3&crop=faces&fit=crop&h=32,,a little girl riding on the back of a white horse,
https://images.unsplash.com/profile-1706811618759-2971389ba999image?fm=jpg&q=60&w=3000&ixlib=rb-4.0.3&crop=faces&fit=crop&h=32,,a man standing in a field flying a kite,
https://images.unsplash.com/profile-1651744473342-49c27ff1f101image?fm=jpg&q=60&w=3000&ixlib=rb-4.0.3&crop=faces&fit=crop&h=32,,two people walking up a hill with a view of the ocean,
https://images.unsplash.com/profile-1720109114254-795dfbab8504image?fm=jpg&q=60&w=3000&ixlib=rb-4.0.3&crop=faces&fit=crop&h=32,,a road in the middle of a forest in the rain,
https://images.unsplash.com/profile-1711549020779-bcd65dd86bf8image?fm=jpg&q=60&w=3000&ixlib=rb-4.0.3&crop=faces&fit=crop&h=32,,a room with a roof made of straw,
https://images.unsplash.com/profile-1681977954764-007185001e42image?fm=jpg&q=60&w=3000&ixlib=rb-4.0.3&crop=faces&fit=crop&h=32,,a winding road in the middle of a mountain,
https://images.unsplash.com/profile-1683666508176-1b5ac87a717eimage?fm=jpg&q=60&w=3000&ixlib=rb-4.0.3&crop=faces&fit=crop&h=32,,a view of a lake through a cave,
https://images.unsplash.com/profile-1721565797198-4866c17633f3image?fm=jpg&q=60&w=3000&ixlib=rb-4.0.3&crop=faces&fit=crop&h=32,,a person standing on top of a sand dune,
https://images.unsplash.com/profile-1720372483966-dbff9f814916image?fm=jpg&q=60&w=3000&ixlib=rb-4.0.3&crop=faces&fit=crop&h=32,,a person with a backpack is standing in a canyon,
https://images.unsplash.com/profile-1681977954764-007185001e42image?fm=jpg&q=60&w=3000&ixlib=rb-4.0.3&crop=faces&fit=crop&h=32,,a woman in a hat is on a boat,
https://media.istockphoto.com/id/1450268558/photo/summer-selfie.webp?b=1&s=170667a&w=0&k=20&c=Vipvrhj292OQRhFkUTIqKnbtMlSn7EWlIbZRzWE66TU=,,Sunbathing,
https://images.unsplash.com/profile-1661537276190-b27bf63fd940image?fm=jpg&q=60&w=3000&ixlib=rb-4.0.3&crop=faces&fit=crop&h=32,,Beautiful young couple warming up by the campfire while camping in the mountains,
https://media.istockphoto.com/id/172293120/photo/3d-glasses-side-view.webp?b=1&s=170667a&w=0&k=20&c=O6pGDgbwg3gztpDNZlaR0dlGmAIvhacSFVaMpxWfvYE=,,3d glass,
https://media.istockphoto.com/id/2023557793/photo/people-playing-pickleball.webp?b=1&s=170667a&w=0&k=20&c=K4dxFMTvDgf9k11WLEltxOtKrqi3R9vBsNh9ybhfO2E=,,Playing game,
https://media.istockphoto.com/id/1439249906/photo/rear-view-of-music-conductor-on-a-blue-background.webp?b=1&s=170667a&w=0&k=20&c=7iRNRFfm5fHe4fJ6yJPpySR2DlP3Sw7ki6VRnKVA528=,,Conductor,
https://media.istockphoto.com/id/1821274549/photo/joyful-family-mastering-chess-together.webp?b=1&s=170667a&w=0&k=20&c=RgINOL2ze91HGImoA5NPZX7XRjbSRvtNUPmW_rC1_x8=,,Chess,
https://media.istockphoto.com/id/469569148/photo/soccer-fans-at-stadium.webp?b=1&s=170667a&w=0&k=20&c=xXRkqSQlkgu4GN0aWZel1USHFVmnHS_hMTa9o9Zp4AI=,,Football fan,
https://media.istockphoto.com/id/1422040059/photo/music-background-design-musical-writing-notes.webp?b=1&s=170667a&w=0&k=20&c=qHeXLQCBEGmQWJqItd3YrPFxqAEEvJuJF5pZMZU6KHA=,,Orchestra,
https://media.istockphoto.com/id/1972294921/photo/close-up-of-a-mans-hand-playing-piano.webp?b=1&s=170667a&w=0&k=20&c=PZlsf_Lj5osVuneLlel0wGzmyKz1R_RmBxEN_p59C3Y=,,Musical instrument,
https://media.istockphoto.com/id/1345620129/photo/surreal-giant-flower-with-human-eye.webp?b=1&s=170667a&w=0&k=20&c=yL-GqNvvsexOWQyFV-Rjt1GQApeXUOWlf9XN7VDmIv8=,,Square eye,
https://media.istockphoto.com/id/1821274549/photo/joyful-family-mastering-chess-together.webp?b=1&s=170667a&w=0&k=20&c=RgINOL2ze91HGImoA5NPZX7XRjbSRvtNUPmW_rC1_x8=,,Playing chess,
https://media.istockphoto.com/id/1805651010/photo/children-visiting-the-library.webp?b=1&s=170667a&w=0&k=20&c=9muVkSvaI80jZndVsWIVp3H93p_neAHULeLadRBIQoo=,,Reading,
https://media.istockphoto.com/id/2152776645/photo/senior-women-friends-playing-cards.webp?b=1&s=170667a&w=0&k=20&c=sq4bSH63zpvBbLvYxVNvLQIWJXQmWivFs7rIO-Y7vNc=,,Card game,
https://media.istockphoto.com/id/2101122136/photo/woman-hand-holding-tv-remote.webp?b=1&s=170667a&w=0&k=20&c=Xp-Mdp4g1z7s6HnXYlhMMspTYbD4BKsIYfSr9liFNlE=,,Television,
https://media.istockphoto.com/id/1428768793/photo/playing-the-guitar-at-a-concert.webp?b=1&s=170667a&w=0&k=20&c=oLuNxf_ffIX1ffjATs6EVV3ZbmQ_gPC2IVq-zJkG-8k=,,Unpluggged,
https://media.istockphoto.com/id/2078494905/photo/peace-and-quiet.webp?b=1&s=170667a&w=0&k=20&c=duVuuViuXT2mSb1KdWxQqhpHSVtvXDvjDN2L4Xrp4Hg=,,Relaxing,
https://media.istockphoto.com/id/2152776645/photo/senior-women-friends-playing-cards.webp?b=1&s=170667a&w=0&k=20&c=sq4bSH63zpvBbLvYxVNvLQIWJXQmWivFs7rIO-Y7vNc=,,Playing card,
https://media.istockphoto.com/id/1491722807/photo/singer-man-singing-in-a-music-concert.webp?b=1&s=170667a&w=0&k=20&c=JMoHeKGkORW_ghWECA4Ao1pvBkNaD6OIsw9w35rYnss=,,Live music,
https://media.istockphoto.com/id/2075454555/photo/black-family-with-teenage-kids-playing-board-game-together.webp?b=1&s=170667a&w=0&k=20&c=vxhoI5gaDwuhucX2zDnJCAxf_-IwHFUnV0yM_XC9aEQ=,,Board game,
https://media.istockphoto.com/id/2148372432/photo/back-view-of-a-family-watching-a-movie-on-sofa-in-the-living-room.webp?b=1&s=170667a&w=0&k=20&c=UtLtRHHeuO3wEjzcYaBD2il0bSIDtZb_8ugiwJwxgaw=,,Watching tv,
https://media.istockphoto.com/id/1923086271/photo/padel-tennis-players-greeting-each-other.webp?b=1&s=170667a&w=0&k=20&c=tSrN6_ylvrluDM7Cucu-KLAoXnx_fldXmeLvDGm9aUI=,,Four of a kind,
https://media.istockphoto.com/id/1412240771/photo/headphones-on-white-background.webp?b=1&s=170667a&w=0&k=20&c=imri8MO-ooYWA9YwUtP0xM_XpV8s3TMOjYEvdEJJ6to=,,Headphone,
https://media.istockphoto.com/id/1390883286/photo/young-man-playing-guitar-at-home.webp?b=1&s=170667a&w=0&k=20&c=QxUg7bb_y2SnCpTDoG8FZg4GiK_awCgE6B0uLnlTRO8=,,Playing music,
https://media.istockphoto.com/id/637773896/photo/thats-some-smooth-sound.webp?b=1&s=170667a&w=0&k=20&c=aWLmjmpcG-NuWQJPhVtSvpz8-V7s3BpS98vtRbH7AwI=,,Listening to music,
https://media.istockphoto.com/id/1317485281/photo/empty-brown-wooden-table-top-isolated-on-white-background.webp?b=1&s=170667a&w=0&k=20&c=A3DrT2EjJ0FhYCgxeB2PmeeuqCJcCieBaIM7_x0NvTg=,,Flat design,
https://media.istockphoto.com/id/1686497935/photo/business-man-running-on-arrow-shaped-bridge-to-the-light.webp?b=1&s=170667a&w=0&k=20&c=PoqGu-oYftM29BnYBO1QmFY0pSCIbsucrzBcd3Ukzyk=,,Illustration,
https://media.istockphoto.com/id/159243886/photo/eco-green-icons.webp?b=1&s=170667a&w=0&k=20&c=4F2SCWo3FmKLl4Gka35O6a2g9N6NV3E73dgX8HeaPYA=,,Vector,
https://media.istockphoto.com/id/1447355262/photo/crowd-of-people-entering-music-festival.webp?b=1&s=170667a&w=0&k=20&c=45mVizc8XiLajyNW0-qALMeS48fBneO1tdxJV9-Vk6M=,,Entertainment,
https://media.istockphoto.com/id/2149530993/photo/digital-human-head-concept-for-ai-metaverse-and-facial-recognition-technology.webp?b=1&s=170667a&w=0&k=20&c=lULwqJMRIROARRAlmkWZHm_tPs7z4uK1Ri6X6k5QisI=,,Robot,
https://media.istockphoto.com/id/1484451383/photo/good-visual-aids-are-essential-in-making-effective-presentations.webp?b=1&s=170667a&w=0&k=20&c=qPBo5tVYfw5lIQ9slQlFPrxS7YzY-C-sH--KQcFoAHY=,,Brainstorm,
https://media.istockphoto.com/id/1494104649/photo/ai-chatbot-artificial-intelligence-digital-concept.webp?b=1&s=170667a&w=0&k=20&c=SVG3LQPHz2JJbsfUil8N9BRxzI9-5S7AR0A1Kha7nng=,,Chatbot,
https://media.istockphoto.com/id/2148725328/photo/human-hand-touching-email-on-virtual-screen-new-email-notification-concept-for-business-email.webp?b=1&s=170667a&w=0&k=20&c=zmkyZU7s8AMXaohpJK6ZvFL-EYO1LwoliurRJXXfpdk=,,Chatgbt,
https://media.istockphoto.com/id/1663953965/photo/man-operating-parcel-sorting-robot-system-in-warehouse.webp?b=1&s=170667a&w=0&k=20&c=2h4gmtpMmvzLntysFc5qWEJJlOpDyzkqwC5GSNmnxHQ=,,Automation,
https://media.istockphoto.com/id/2107379927/photo/young-adult-asian-man-prepare-and-make-protein-shake-drink-mixed-fruit-cereal-juice-using.webp?b=1&s=170667a&w=0&k=20&c=yyFm1Tukfq2owywBVjk-JYM7gi0NAHQ7pYbYnOPm45E=,,Blender,
https://media.istockphoto.com/id/159758724/photo/high-speed-drill.webp?b=1&s=170667a&w=0&k=20&c=2Clg47D_nIgnH5wbOfcNsuto4WNmIsHqJhkY3zYOTQI=,,Metal detail,
https://media.istockphoto.com/id/1939454438/photo/digital-search-icon-on-future-tech-background-search-engine-evolution-futuristic-search-icon.webp?b=1&s=170667a&w=0&k=20&c=voARmK0JgtqoCz5fymJDRtOEacd7OY-BDIZnU6V3Hz4=,,3d render,
https://media.istockphoto.com/id/520538069/photo/mixer.webp?b=1&s=170667a&w=0&k=20&c=Pk42dxo87sfyLyh28g1xHyv7s1oPntWy7nwMtffBqvg=,,Blender 3d,
https://media.istockphoto.com/id/885690052/photo/touch-screen-analysing-commerce.webp?b=1&s=170667a&w=0&k=20&c=gIZqyk-5X7WBkans2ooUepo04tJwBaxwpKxHyn_xruY=,,Cognitive computing,
https://media.istockphoto.com/id/1973239712/photo/digital-brain-connections.webp?b=1&s=170667a&w=0&k=20&c=yncuEYJHarBiRJ3v37BF_XI0vFQl9DwGLTTlsykBzKI=,,Deep learning,
https://images.unsplash.com/profile-1587651800415-20eed2ec0209image?fm=jpg&q=60&w=3000&ixlib=rb-4.0.3&crop=faces&fit=crop&h=32,,Technology,
https://media.istockphoto.com/id/1887469204/photo/couple-reviewing-finances.webp?b=1&s=170667a&w=0&k=20&c=YVlXGcZ5AkR-a6df0NWvUBG7SST5GR0q8ZEV07QM5WQ=,,Future,
https://media.istockphoto.com/id/170464996/photo/time-concept.webp?b=1&s=170667a&w=0&k=20&c=96jujRpMgvNtrAfDK8BysapQLNHVP2GFNC2kzQf3pqI=,,Dall e,
https://media.istockphoto.com/id/1487972668/photo/artificial-neural-network-abstract-technology-background.webp?b=1&s=170667a&w=0&k=20&c=h9jDLJZUi6NPQ34pXXKfAQa6gGGHyYFtL3QyJ0uS6hw=,,Neural network,
https://media.istockphoto.com/id/1492534976/photo/stock-market-data-graph-concept.webp?b=1&s=170667a&w=0&k=20&c=36zI23KQocjxuXIXzF82N5SJ4WtzzF4s-uCj31Lgv04=,,Openai,
https://media.istockphoto.com/id/1629818920/photo/abstract-gravity-wave-background.webp?b=1&s=170667a&w=0&k=20&c=0iqZ3r-J9DHiGQ2FQVKrgKKgb78lP0A0w-VpccgdA3c=,,Internet,
https://media.istockphoto.com/id/1818926612/photo/digital-brain-artificial-intelligence-virtual-cpu-concept.webp?b=1&s=170667a&w=0&k=20&c=WDA3v1LkC_two15LFinS5M0H4GxDl8T37B8kEKE8jNk=,,Machine learning,
https://media.istockphoto.com/id/2075787099/photo/robotic-arm-giving-a-cpu-to-another-robot.webp?b=1&s=170667a&w=0&k=20&c=agE9thZRfjPC32slDwbKP1sjW8neLpB3JchFBMh8ACI=,,Chip,
https://media.istockphoto.com/id/2090757435/photo/asian-woman-use-smartphone-alarm.webp?b=1&s=170667a&w=0&k=20&c=QkAYxPqJAdWyZ7CaTAzeXOkZI3j9Y-Ls6xinX0WQjOc=,,Machine,
https://media.istockphoto.com/id/1976099664/photo/artificial-intelligence-processor-concept-ai-big-data-array.webp?b=1&s=170667a&w=0&k=20&c=plkphYEn6k9B6lHcQmPnSXv82NE7eIv7Yv8F_0ESEc4=,,Ai,
https://media.istockphoto.com/id/1976099664/photo/artificial-intelligence-processor-concept-ai-big-data-array.webp?b=1&s=170667a&w=0&k=20&c=plkphYEn6k9B6lHcQmPnSXv82NE7eIv7Yv8F_0ESEc4=,,Artificial intelligence,
https://media.istockphoto.com/id/1629818920/photo/abstract-gravity-wave-background.webp?b=1&s=170667a&w=0&k=20&c=0iqZ3r-J9DHiGQ2FQVKrgKKgb78lP0A0w-VpccgdA3c=,,Digital image,
https://media.istockphoto.com/id/2149530993/photo/digital-human-head-concept-for-ai-metaverse-and-facial-recognition-technology.webp?b=1&s=170667a&w=0&k=20&c=lULwqJMRIROARRAlmkWZHm_tPs7z4uK1Ri6X6k5QisI=,,Render,
https://media.istockphoto.com/id/1623196376/photo/firing-neurons.webp?b=1&s=170667a&w=0&k=20&c=pTxk1_A9wF2LYxkR1sB6N7syyqGmXACCrea1yb10-Mo=,,Brain,
https://media.istockphoto.com/id/2164061573/photo/clothes.webp?b=1&s=170667a&w=0&k=20&c=UTOCEYOHRhqUw195D82gDN5D1RZ-vkoD99BunP-Kycw=,,Bluevector,
https://images.unsplash.com/profile-1639548932670-72a6e09cebc2image?fm=jpg&q=60&w=3000&ixlib=rb-4.0.3&crop=faces&fit=crop&h=32,,a silver object laying on top of a blue floor,
https://images.unsplash.com/profile-1644189579276-23ef0268f169image?fm=jpg&q=60&w=3000&ixlib=rb-4.0.3&crop=faces&fit=crop&h=32,,a brain in a server room with a red cord connected to it,
https://images.unsplash.com/profile-1644189579276-23ef0268f169image?fm=jpg&q=60&w=3000&ixlib=rb-4.0.3&crop=faces&fit=crop&h=32,,a futuristic looking room with a clock on the wall,
https://images.unsplash.com/profile-1658953990098-78661db1d9c4image?fm=jpg&q=60&w=3000&ixlib=rb-4.0.3&crop=faces&fit=crop&h=32,,a yellow and black object with a smiley face,
https://images.unsplash.com/profile-1658953990098-78661db1d9c4image?fm=jpg&q=60&w=3000&ixlib=rb-4.0.3&crop=faces&fit=crop&h=32,,a close up of a black object with red eyes,
https://images.unsplash.com/profile-1644189579276-23ef0268f169image?fm=jpg&q=60&w=3000&ixlib=rb-4.0.3&crop=faces&fit=crop&h=32,,a blue background with a computer chip and a logo,
https://images.unsplash.com/profile-1639548932670-72a6e09cebc2image?fm=jpg&q=60&w=3000&ixlib=rb-4.0.3&crop=faces&fit=crop&h=32,,a series of images of a human's brain,
https://images.unsplash.com/profile-1644189579276-23ef0268f169image?fm=jpg&q=60&w=3000&ixlib=rb-4.0.3&crop=faces&fit=crop&h=32,,a close up of a cookie cutter and a cookie,
https://images.unsplash.com/profile-1644189579276-23ef0268f169image?fm=jpg&q=60&w=3000&ixlib=rb-4.0.3&crop=faces&fit=crop&h=32,,a digital image of a brain and a computer screen,
https://images.unsplash.com/profile-1685682927987-4a864bf15c6eimage?fm=jpg&q=60&w=3000&ixlib=rb-4.0.3&crop=faces&fit=crop&h=32,,a robot head with a snake on it,
https://images.unsplash.com/profile-1639548932670-72a6e09cebc2image?fm=jpg&q=60&w=3000&ixlib=rb-4.0.3&crop=faces&fit=crop&h=32,,a computer generated image of a human brain,
https://images.unsplash.com/profile-1661537276190-b27bf63fd940image?fm=jpg&q=60&w=3000&ixlib=rb-4.0.3&crop=faces&fit=crop&h=32,,"Blue and red particles dna helix glowing over dark blue background. Concept of genetics, science and medicine. Biotech. 3d rendering copy space toned image",
https://images.unsplash.com/profile-1661537276190-b27bf63fd940image?fm=jpg&q=60&w=3000&ixlib=rb-4.0.3&crop=faces&fit=crop&h=32,,"AI, Artificial Intelligence concept,3d rendering,conceptual image.",
https://media.istockphoto.com/id/1689089195/photo/empty-vertical-5x7-ratio-poster-on-gray-background.webp?b=1&s=170667a&w=0&k=20&c=YxmIhP2QkZ_tcpm8NwyoiGojTyhMdgTXct4ZzgoavVo=,,Poster,
https://images.unsplash.com/profile-1644189579276-23ef0268f169image?fm=jpg&q=60&w=3000&ixlib=rb-4.0.3&crop=faces&fit=crop&h=32,,a glass sculpture of a man and a woman facing each other,
https://images.unsplash.com/profile-1661537276190-b27bf63fd940image?fm=jpg&q=60&w=3000&ixlib=rb-4.0.3&crop=faces&fit=crop&h=32,,"AI, Artificial Intelligence concept,3d rendering,conceptual image.",
https://images.unsplash.com/profile-1661537276190-b27bf63fd940image?fm=jpg&q=60&w=3000&ixlib=rb-4.0.3&crop=faces&fit=crop&h=32,,"AI, Artificial Intelligence concept,3d rendering,conceptual image.",
https://images.unsplash.com/profile-1685682927987-4a864bf15c6eimage?fm=jpg&q=60&w=3000&ixlib=rb-4.0.3&crop=faces&fit=crop&h=32,,a black and white photo of a network of dots,
https://images.unsplash.com/profile-1661537276190-b27bf63fd940image?fm=jpg&q=60&w=3000&ixlib=rb-4.0.3&crop=faces&fit=crop&h=32,,Futuristic robot in front of screens with data information . Artificial intelligence and computing concept . This is a 3d render illustration .,
https://images.unsplash.com/profile-1685682927987-4a864bf15c6eimage?fm=jpg&q=60&w=3000&ixlib=rb-4.0.3&crop=faces&fit=crop&h=32,,a hand reaching out towards a robot hand,
https://images.unsplash.com/profile-1690060216823-f69256563b2cimage?fm=jpg&q=60&w=3000&ixlib=rb-4.0.3&crop=faces&fit=crop&h=32,,a robotic hand that is sitting on top of a green object,
https://media.istockphoto.com/id/1484278497/photo/landscape-with-milky-way-and-silhouette-of-a-hiker-man.webp?b=1&s=170667a&w=0&k=20&c=acWpYy3OLlTz94C1x6neyyTnCNVum_RGzzel35YUuf0=,,Dark nature,
https://media.istockphoto.com/id/184869906/photo/detail-of-graffiti-painted-illegally-on-public-wall.webp?b=1&s=170667a&w=0&k=20&c=Eue9JApOUH0OtOq6N-tv3mD6omv9KzVsh4UzrRe1gVs=,,Wall art,
https://media.istockphoto.com/id/184989881/photo/35mm-film-rebate-from-a-camera.webp?b=1&s=170667a&w=0&k=20&c=4WnkZBTA8haqXXURdIWc-OTfIceAwsqOBdwifvXwnEw=,,35 mm,
https://media.istockphoto.com/id/1457433817/photo/group-of-healthy-food-for-flexitarian-diet.webp?b=1&s=170667a&w=0&k=20&c=RKgGJW8aIINIPpisynZ2x6UWFiMZ0afmEN32gmbYvVI=,,Food and drink,
https://media.istockphoto.com/id/2021067967/photo/minimalist-abstract-empty-white-room-for-product-presentation.webp?b=1&s=170667a&w=0&k=20&c=uto7Ej7_MniftCYRJMHh5zLsKJ_0Us2aNoixxbPzMQc=,,Shadow,
https://media.istockphoto.com/id/2098792891/photo/woman-drying-sweat-in-a-warm-summer-day.webp?b=1&s=170667a&w=0&k=20&c=BEEgdpVpVxHg9LoAAg7CEgRzr88twW2IAc_Ej920Hm0=,,Weather,
https://media.istockphoto.com/id/1471856897/photo/ulun-danu-beratan-temple-bali-indonesia.webp?b=1&s=170667a&w=0&k=20&c=jgjsM3lDjMhII8oNdY4XZSh9HwB8evwXQRrgHQTRt4E=,,Bali,
https://media.istockphoto.com/id/186581431/photo/clapper-board-with-hand.webp?b=1&s=170667a&w=0&k=20&c=DVTdgUdOcfmYWiSPY8P8c0mNQ_WzQCicPvBmuX0meFE=,,Shot on film,
https://media.istockphoto.com/id/1431884274/photo/reading-a-book-by-candle-at-night.webp?b=1&s=170667a&w=0&k=20&c=sIal7i0W6C9mXgC0__glRd4_7RUNs50Q_HtIsQRcmPM=,,Candle,
https://media.istockphoto.com/id/2129856121/photo/sky-is-covered-with-storm-clouds.webp?b=1&s=170667a&w=0&k=20&c=c4FsRtZIf6ltlAJroFAp7oqAGgOF-Ak6QjYvbvIbLpQ=,,Moody,
https://media.istockphoto.com/id/2093686186/photo/computer-generated-homely-living-room-with-modern-decor.webp?b=1&s=170667a&w=0&k=20&c=XPaaqGBgLUvYuQXa0cp9RJ54oKcdMbQ9x6v5EMpJpc0=,,Interior design,
https://media.istockphoto.com/id/1458810077/photo/instant-transfer-woman-portrait.webp?b=1&s=170667a&w=0&k=20&c=jo4QJ1XjLKrdxH2GFOd0-tJpsuugklcnfDMhfaCEfKk=,,Analogue photo,
https://media.istockphoto.com/id/1458810077/photo/instant-transfer-woman-portrait.webp?b=1&s=170667a&w=0&k=20&c=jo4QJ1XjLKrdxH2GFOd0-tJpsuugklcnfDMhfaCEfKk=,,Analog photo,
https://media.istockphoto.com/id/1486039786/photo/mother-and-children-sprinkling-icing-sugar-on-mince-pies.webp?b=1&s=170667a&w=0&k=20&c=6tt7Lh5EjRdS_ldCRNdi3AkPpabcO4FH-hsnvLUp184=,,Flash photography,
https://media.istockphoto.com/id/1764043905/photo/supreme-court-justices.webp?b=1&s=170667a&w=0&k=20&c=yYvZZWpyK6ksgSQGAIx5WhBvVbvWMlBr_TDFI5_JzHA=,,Outdoor,
https://media.istockphoto.com/id/1437493243/photo/figs.webp?b=1&s=170667a&w=0&k=20&c=F13-waubi8v5DSYfPIz18-zrbxg34qVy3hQSwWzqV7s=,,Fig,
https://media.istockphoto.com/id/1193741037/photo/dark-film-light-leak.webp?b=1&s=170667a&w=0&k=20&c=ulR3qY7argdNa3t4CIOwv8rwOxYtp1DyKkUY7CFWzqI=,,Film photo,
https://media.istockphoto.com/id/1486039885/photo/young-son-giving-father-christmas-present-hug-and-kiss.webp?b=1&s=170667a&w=0&k=20&c=ZVEqQh3FFlDYB2YKqrJN7Vc1UA1ySs6bkbZgFCVtWCA=,,Photo,
https://media.istockphoto.com/id/1471856897/photo/ulun-danu-beratan-temple-bali-indonesia.webp?b=1&s=170667a&w=0&k=20&c=jgjsM3lDjMhII8oNdY4XZSh9HwB8evwXQRrgHQTRt4E=,,Indonesia,
https://media.istockphoto.com/id/1990444472/photo/scandinavian-style-cozy-living-room-interior.webp?b=1&s=170667a&w=0&k=20&c=6pW_cpafGPAe3gZF05MwOwTrnl6Eq5HzDZ8bUFA59vU=,,Living room,
https://media.istockphoto.com/id/1458810077/photo/instant-transfer-woman-portrait.webp?b=1&s=170667a&w=0&k=20&c=jo4QJ1XjLKrdxH2GFOd0-tJpsuugklcnfDMhfaCEfKk=,,Analog photography,
https://media.istockphoto.com/id/1458810077/photo/instant-transfer-woman-portrait.webp?b=1&s=170667a&w=0&k=20&c=jo4QJ1XjLKrdxH2GFOd0-tJpsuugklcnfDMhfaCEfKk=,,Analogue photography,
https://media.istockphoto.com/id/2099403180/photo/laughing-yougn-businesswoman-standing-with-her-arms-crossed-against-an-office-wall.webp?b=1&s=170667a&w=0&k=20&c=-fis9M9x6CXFBpdkZo_5cG2VvI0qS8_l2qbE-tEX4YQ=,,Human,
https://media.istockphoto.com/id/1477574816/photo/man-recording-himself-and-his-crew-with-a-smartphone.webp?b=1&s=170667a&w=0&k=20&c=ACxL6MK7pIMxeLgMBzCkCg-wyRYRz8WAZLjpZkguY2I=,,Ugc,
https://media.istockphoto.com/id/1460801869/photo/instant-photo-portrait-of-a-young-businesswoman.webp?b=1&s=170667a&w=0&k=20&c=kn3LwQMRsgUMHqnQyDA9IbZ9kzx6_00CagnM8DaJYzA=,,Polaroid,
https://images.unsplash.com/profile-1696257215312-b8d6a0911ab1image?fm=jpg&q=60&w=3000&ixlib=rb-4.0.3&crop=faces&fit=crop&h=32,,a plate of sliced cucumbers on an orange table cloth,
https://media.istockphoto.com/id/526705622/photo/karst-mountains-and-river-li-in-guilin-guangxi-region-of-china.webp?b=1&s=170667a&w=0&k=20&c=L87dfzOhDd0x1Sbny2_v1aDXY5XkbYnQ-u4FJsukWUI=,,Moody nature,
https://images.unsplash.com/profile-1696257215312-b8d6a0911ab1image?fm=jpg&q=60&w=3000&ixlib=rb-4.0.3&crop=faces&fit=crop&h=32,,a couple of fish that are on some paper,
https://images.unsplash.com/profile-1696257215312-b8d6a0911ab1image?fm=jpg&q=60&w=3000&ixlib=rb-4.0.3&crop=faces&fit=crop&h=32,,a woman's legs with leopard print boots,
https://images.unsplash.com/profile-1696257215312-b8d6a0911ab1image?fm=jpg&q=60&w=3000&ixlib=rb-4.0.3&crop=faces&fit=crop&h=32,,a woman walking down a road with a skateboard,
https://media.istockphoto.com/id/1764541644/photo/empty-movie-theatre.webp?b=1&s=170667a&w=0&k=20&c=-C7bzauBHHQY9khjsInQI4aGkrW8pMjbhJWLSYe7S1k=,,Film,
https://media.istockphoto.com/id/1193741037/photo/dark-film-light-leak.webp?b=1&s=170667a&w=0&k=20&c=ulR3qY7argdNa3t4CIOwv8rwOxYtp1DyKkUY7CFWzqI=,,Film photography,
https://images.unsplash.com/profile-1696257215312-b8d6a0911ab1image?fm=jpg&q=60&w=3000&ixlib=rb-4.0.3&crop=faces&fit=crop&h=32,,a chair sitting in front of an open door,
